delivery_id,attempt_number,status,response_code,latency_ms,error,attempted_at
99ff23d0011f4af7,1,success,200,3.18,,1787875601.3566253
def61d1b3f904503,1,success,200,2.83,,1787875601.360179
6592f1e956ca49fc,1,success,200,2.51,,1787875601.3649366
9632389b67c5407c,1,failed,503,3.28,HTTP 503,1787875601.3733842
9a16d719d842456a,1,failed,503,3.26,HTTP 503,1787875601.3747282
0988cf9646fd4795,1,success,200,1.94,,1787875601.3770657
32e304e316d54d4a,1,success,200,1.69,,1787875601.380799
578dc6c0c1e14635,1,success,200,1.7,,1787875601.387712
edd046a3a88e45a4,1,success,200,2.38,,1787875601.3907313
6379e64ec33e4a75,1,success,200,2.3,,1787875601.395737
8ec8ad2480254a91,1,success,200,1.94,,1787875601.4083443
eeb467c6108b4d10,1,success,200,1.91,,1787875601.414186
4f7048b23688482e,1,failed,,602.43,timeout,1787875601.9703915
d2b8ce51a7d34c95,1,failed,,601.6,timeout,1787875601.9791358
33af1efd8a204a5a,1,success,200,2.03,,1787875601.9821286
d9e196f1cc414bf9,1,failed,,602.14,timeout,1787875601.984
bd3d78c813ca485c,1,success,200,2.24,,1787875601.9868624
5c72e3440b484680,1,success,200,1.61,,1787875601.989249
e8b7ac963a1c4f0f,1,success,200,1.62,,1787875601.9915035
d657592b6c9843b4,1,failed,503,1.44,HTTP 503,1787875601.9935594
96f9315113b443e3,1,failed,,603.28,timeout,1787875602.0030763
3f595a74b09046ed,1,success,200,1.55,,1787875602.0053642
aa147f1981ec40d3,1,success,200,1.71,,1787875602.0080733
6974220306254e78,1,success,200,1.56,,1787875602.010164
250118d3319c4f58,1,failed,,601.87,timeout,1787875602.034325
bfaba2c3926d47e7,1,failed,,602.26,timeout,1787875602.036223
3c4a373cd7a440e6,1,failed,503,3.36,HTTP 503,1787875602.0387428
dbc7ef8d55a84d96,1,success,200,3.38,,1787875602.0408628
27ac70fac6b3413c,1,success,200,2.54,,1787875602.0420797
d8cdb305d2bb4cf5,1,success,200,1.56,,1787875602.0458808
df4e2d126e89477c,1,failed,,602.05,timeout,1787875602.5738292
7f23f8546d1641ea,1,success,200,2.17,,1787875602.5770595
a3092a520ff049e8,1,success,200,2.28,,1787875602.5802932
b1b5b71883704184,1,success,200,2.02,,1787875602.5834413
9d269d844a4d4d47,1,failed,,602.09,timeout,1787875602.5849125
ae06d5521b2b43b5,1,success,200,2.05,,1787875602.586307
101b25b3b3ae4a22,1,failed,503,1.97,HTTP 503,1787875602.5884864
f4c83fe67bdd4659,1,success,200,2.27,,1787875602.5910728
994c342d4e4e4c1e,1,failed,503,2.48,HTTP 503,1787875602.5942066
6b0ec36a6bbf4a94,1,failed,,601.95,timeout,1787875602.5964403
6348a282255544de,1,success,200,3.62,,1787875602.596957
6fb27d1a82bc4ec0,1,success,200,3.22,,1787875602.6009564
ee4d0488de3c4065,1,success,200,2.03,,1787875602.6040385
0e68acbc3ff044ea,1,success,200,1.62,,1787875602.6064384
cff81c1fa7824357,1,success,200,1.52,,1787875602.6085012
f9b007ec3cbc45a3,1,failed,,601.58,timeout,1787875602.6123338
05a63a2935ec4e28,1,failed,503,1.65,HTTP 503,1787875602.6147852
33b9d66253e44fd2,1,success,200,1.51,,1787875602.6169517
68db00d824ec425a,1,success,200,1.72,,1787875602.6198118
ee2c375bd00c46be,1,success,200,1.62,,1787875602.6220164
3cf033f74e0a40be,1,success,200,1.62,,1787875602.6241393
e97e6b2c74d24fb5,1,failed,503,1.61,HTTP 503,1787875602.627026
722329c0dac7491f,1,success,200,1.58,,1787875602.6293
44cbec84a98447e9,1,success,200,1.51,,1787875602.6316154
1a87b988a7b147c8,1,failed,,602.13,timeout,1787875602.6448667
6bdde7d7271c4b07,1,failed,,601.97,timeout,1787875602.6486123
a98d84058751472e,1,failed,,602.94,timeout,1787875603.1982787
cb674cfa391d4e31,1,success,200,2.11,,1787875603.2013535
0f2fe0e2572b4192,1,failed,,602.84,timeout,1787875603.2024336
938ddf13201247f0,1,success,200,2.49,,1787875603.2044928
5edd8b3c439143f8,1,success,200,2.32,,1787875603.207179
3d611806428746c9,1,success,200,1.66,,1787875603.2101107
c2a75edff894494e,1,failed,,601.53,timeout,1787875603.2110488
390034c33bfd40db,1,success,200,3.18,,1787875603.2138171
bc40fcd7271c42cc,1,success,200,3.44,,1787875603.2158968
723ae24ddc244089,1,failed,503,1.92,HTTP 503,1787875603.217035
be450019f2e440e7,1,success,200,2.65,,1787875603.2199283
8fbb7e9fa7cc46f4,1,success,200,2.79,,1787875603.222024
fe615d0afcf4459b,1,success,200,2.4,,1787875603.2232623
ee2302fe1b964ad8,1,success,200,2.69,,1787875603.2266514
1a246cc80b0a49d9,1,success,200,3.44,,1787875603.228439
a96e0a5f76f141ca,1,success,200,1.66,,1787875603.2312179
d3f236d9f3864db9,1,failed,,602.05,timeout,1787875603.2343247
ee8eada278c24719,1,failed,503,1.46,HTTP 503,1787875603.2365
bfcca429cafd40e7,1,success,200,1.59,,1787875603.2387538
f2d61774b09542df,1,success,200,1.51,,1787875603.240887
9b1c2a8b079c448d,1,failed,503,1.61,HTTP 503,1787875603.2433815
1ec5be73046f4d0b,1,success,200,1.96,,1787875603.2461488
83ff757289544801,1,failed,,601.07,timeout,1787875603.2470965
2cf009a6c1784ebc,1,success,200,3.16,,1787875603.2498484
657a6e0a2291480e,1,failed,,601.32,timeout,1787875603.2511098
6707d33b0a0d4f14,1,success,200,2.78,,1787875603.253526
19adf1cc478d4e1b,1,success,200,2.21,,1787875603.2546086
2b8ecac6588d49f7,1,success,200,1.55,,1787875603.2580204
950c35affcd24577,1,failed,,602.17,timeout,1787875603.8088734
6551ab02bd554005,1,success,200,2.89,,1787875603.8133945
783f0735c1d7418b,1,success,200,1.82,,1787875603.8159795
cbaa8322bab94bb0,1,failed,503,1.6,HTTP 503,1787875603.8183508
a0e5062720d14f42,1,failed,503,1.8,HTTP 503,1787875603.820849
e74dd2553bc64d6f,1,success,200,1.94,,1787875603.8235075
3761fb4fb3b14ba6,1,success,200,1.69,,1787875603.8261497
8ad2f19357a04719,1,failed,503,1.81,HTTP 503,1787875603.8286018
bece7712ffeb4f49,1,failed,,602.34,timeout,1787875603.8301897
2dc65904fe754b76,1,failed,503,1.51,HTTP 503,1787875603.833338
ca3adbe162b84c43,1,failed,,601.75,timeout,1787875603.833594
291af9a13b2748bb,1,success,200,3.85,,1787875603.838691
1b020166f40c4ef5,1,success,200,2.87,,1787875603.8390713
6a3c1623c38b4fab,1,success,200,3.02,,1787875603.842628
64e851695c6b40f1,1,success,200,4.36,,1787875603.8461204
1f781db5b1874e97,1,failed,,602.06,timeout,1787875603.8510861
08b2813cdedc436e,1,success,200,1.61,,1787875603.8536491
047ad17dd94946b4,1,success,200,1.68,,1787875603.8558638
52b6710a1f144e59,1,failed,,601.95,timeout,1787875603.8567853
7d02f2f467aa4409,1,failed,,602.21,timeout,1787875603.8607092
949e3d71a53845b6,1,failed,,601.9,timeout,1787875604.4311075
da8e0abb61bd4b15,1,success,200,2.45,,1787875604.4344664
4f2f563924ec4b6e,1,success,200,1.75,,1787875604.4369097
107db73c380b4aae,1,success,200,1.71,,1787875604.4395711
cbbc013802bf483b,1,success,200,1.58,,1787875604.4417253
f7a2767115ea4b66,1,failed,,601.33,timeout,1787875604.4462905
e85a32f9064e4a40,1,failed,,602.25,timeout,1787875604.4490283
27b076db8afe4a50,1,success,200,2.24,,1787875604.45265
95060b8f1eff4c2c,1,success,200,1.78,,1787875604.455078
7a83650c1d314f14,1,failed,,602.43,timeout,1787875604.4587812
0f67c7be97cc4044,1,failed,,601.79,timeout,1787875604.4600801
ded8f556fec34f11,1,failed,,601.75,timeout,1787875604.463073
88cd06ebd5da40da,1,success,200,4.78,,1787875604.4650483
96015b6d33484f38,1,success,200,3.91,,1787875604.4674265
e2b0bcc14f0044f3,1,failed,503,1.62,HTTP 503,1787875604.4711702
afeb2cbaa4f64029,1,success,200,1.6,,1787875604.4733315
5e442c5ea7c74a69,1,success,200,1.68,,1787875604.4755979
eabba4d2d9dc434e,1,success,200,1.53,,1787875604.4780078
e20e5d68f42c4adb,1,success,200,1.66,,1787875604.480169
62f88630389a44c7,1,success,200,1.58,,1787875604.4825435
9f7750b5c8274760,1,failed,,601.9,timeout,1787875605.044095
4dc78d331d3b4455,1,failed,,601.5,timeout,1787875605.0484886
82b4970146e84bd5,1,success,200,2.38,,1787875605.0521352
686173c8d90e4384,1,failed,,602.28,timeout,1787875605.0578601
c21cc7c6854c4d9a,1,success,200,2.1,,1787875605.0611734
f845bc563c24457a,1,success,200,2.06,,1787875605.0638993
8582522be55b4f9f,1,success,200,1.63,,1787875605.0666306
eabd1d88ac244685,1,failed,,601.27,timeout,1787875605.0670595
e89e4fb89dc54467,1,failed,,601.89,timeout,1787875605.0698733
f6cb063fb3ee4d16,1,success,200,3.14,,1787875605.0707133
2c39b8033d64448b,1,success,200,3.49,,1787875605.0725307
0bc881b9d23c49f4,1,success,200,3.13,,1787875605.0748162
ae56a89500694085,1,failed,503,2.29,HTTP 503,1787875605.076045
783c89191d4c4241,1,success,200,2.77,,1787875605.0793362
20695921457b449b,1,failed,503,2.57,HTTP 503,1787875605.0805624
3be18c695daa47ac,1,failed,503,1.6,HTTP 503,1787875605.082605
1d19480b3a794fa7,1,failed,,601.73,timeout,1787875605.0847569
58013c1868b8416f,1,success,200,2.02,,1787875605.088759
358647e363e644b5,1,failed,,602.01,timeout,1787875605.6470833
463fb3ffced84118,1,success,200,2.87,,1787875605.6510317
5ec046f581184205,1,success,200,1.77,,1787875605.6539423
d4f111c216114793,1,failed,,601.58,timeout,1787875605.6544094
e5782b262eee420f,1,success,200,3.22,,1787875605.6578972
ee79df9c9c8b4442,1,failed,,602.36,timeout,1787875605.6854112
91be3b51be814126,1,failed,,601.53,timeout,1787875605.6865854
bd2db11436a643e0,1,failed,503,1.9,HTTP 503,1787875605.6903775
486d7051e41b4f26,1,failed,,601.2,timeout,1787875605.6910746
a4816cb0b4624b4d,1,failed,,601.38,timeout,1787875605.6926177
c24359efc7424c37,1,success,200,1.96,,1787875605.6933055
70d3e221797345f6,1,success,200,2.67,,1787875605.6966329
6fdeb9f14f6048ae,1,success,200,3.43,,1787875605.69883
8c8e410000ec4837,1,success,200,3.36,,1787875605.7011476
55142f7cecaf4968,1,failed,503,2.11,HTTP 503,1787875605.7023335
6d4e92182705442e,1,success,200,1.69,,1787875605.7062278
125f503fc3974f3a,1,success,200,1.66,,1787875605.7084308
82d239993b4c48e2,1,success,200,1.54,,1787875605.710547
7218162ee15a4578,1,success,200,2.62,,1787875605.7137992
29211e956088497f,1,failed,503,2.82,HTTP 503,1787875605.715944
6c10b64ed3654ccd,1,success,200,2.19,,1787875605.7171552
7faa3c015a93441f,1,failed,503,1.77,HTTP 503,1787875605.719249
f850504d184941b3,1,success,200,2.13,,1787875605.7222219
0120fba0d4c946af,1,success,200,2.44,,1787875605.7249622
61cedf2aa9514e67,1,success,200,3.35,,1787875605.7288523
0bac8c1f6e804592,1,success,200,3.41,,1787875605.7312055
7fd7b2c89c97452f,1,success,200,3.61,,1787875605.7335415
70ab16d4948746f8,1,failed,503,2.22,HTTP 503,1787875605.734756
0f2565941b9642ce,1,success,200,1.62,,1787875605.7384517
92e004b876054ace,1,success,200,1.46,,1787875605.7405515
96cf601b93dd4708,1,success,200,1.71,,1787875605.7432296
7e1c1076fc3449c8,1,failed,503,1.46,HTTP 503,1787875605.7452834
a764ab49f9d14834,1,failed,,601.38,timeout,1787875606.2569733
b36436e376cc4b0c,1,failed,,602.17,timeout,1787875606.2607806
3676aec038cb4c36,1,success,200,2.86,,1787875606.261962
de877ebcc16c42f2,1,failed,,602.1,timeout,1787875606.289085
895e365d52334604,1,success,200,3.2,,1787875606.293193
69320a77fe284f36,1,failed,503,1.85,HTTP 503,1787875606.2958727
766be7a03920453c,1,success,200,1.74,,1787875606.2982802
57e4bb04f48242a6,1,success,200,1.71,,1787875606.3007414
6c4e1fe97b1f42b9,1,failed,503,1.74,HTTP 503,1787875606.3034792
afc54c83532e40a9,1,failed,,602.4,timeout,1787875606.305038
4f9986db0b9f4570,1,success,200,2.07,,1787875606.3061721
eab4089b1b934a75,1,success,200,1.84,,1787875606.308513
2f31daa9ae83475e,1,success,200,2.17,,1787875606.3111827
ccc3e4437717415c,1,success,200,2.69,,1787875606.314044
a855395af18e4309,1,success,200,1.57,,1787875606.316714
0136637ac98e49af,1,failed,,602.01,timeout,1787875606.3370388
a002ec64a9f54c20,1,failed,503,1.64,HTTP 503,1787875606.3394907
e1e53dc1345549a5,1,success,200,1.63,,1787875606.3422012
229470a2f93840c2,1,success,200,1.81,,1787875606.3447142
47e579c350d9462d,1,failed,,601.19,timeout,1787875606.3470733
fd40e9907eb44b50,1,success,200,1.7,,1787875606.3494089
ab007ab9cf4b4a97,1,success,200,1.78,,1787875606.351802
a653b5ec81444dcb,1,failed,,602.01,timeout,1787875606.8643231
e6e9c690635344a8,1,failed,,601.93,timeout,1787875606.8662207
23a60f4fefeb442f,1,success,200,3.39,,1787875606.8686204
3f047ebcc403462f,1,success,200,3.25,,1787875606.8710444
824621bfc807428a,1,failed,503,2.17,HTTP 503,1787875606.8723295
ba0f77a7afad4f56,1,success,200,2.82,,1787875606.8753939
40a9538c31804217,1,success,200,3.58,,1787875606.8783484
cb391acf766e4e31,1,success,200,2.65,,1787875606.8790526
b10536170af14a82,1,failed,503,1.64,HTTP 503,1787875606.8811007
34fc525918294d10,1,success,200,2.6,,1787875606.8843813
04db2227c9624dbe,1,failed,503,1.49,HTTP 503,1787875606.886765
bc2db72534bb46e1,1,success,200,2.08,,1787875606.8895123
3d9aadcfc184481a,1,failed,503,1.64,HTTP 503,1787875606.891776
4c98b2e83b9a4de2,1,success,200,1.63,,1787875606.893946
cd4b3d0dd1e1489e,1,success,200,1.72,,1787875606.896509
ec7d0116dc8d4abc,1,success,200,1.41,,1787875606.8985941
7d2bd2b4a1a44730,1,failed,503,1.42,HTTP 503,1787875606.9005833
8197b7f48319474f,1,success,200,1.55,,1787875606.9027781
fcbd956e0db84565,1,failed,,601.78,timeout,1787875606.915148
0f6568b52e6543d3,1,success,200,1.59,,1787875606.9175267
9731dbf6197045ae,1,failed,,601.85,timeout,1787875606.919103
1fc16c2343e6454e,1,success,200,2.82,,1787875606.9212046
6a364ca7d78b4bdd,1,failed,503,3.11,HTTP 503,1787875606.9234624
033841e7de9b4f99,1,failed,503,2.32,HTTP 503,1787875606.924681
b1b5e255cb844b81,1,success,200,1.79,,1787875606.9269264
fa2a24a4469c4014,1,success,200,1.91,,1787875606.929076
7091ce08386c4ab6,1,success,200,1.46,,1787875606.9327323
07c46c9b84cf4e46,1,success,200,1.64,,1787875606.9350126
8d7a67acd11a47f3,1,success,200,2.14,,1787875606.9381435
7a72ea2070324586,1,failed,503,1.5,HTTP 503,1787875606.9402692
ead8295090a34f74,1,failed,503,1.39,HTTP 503,1787875606.9424107
e516a1af1de843ae,1,failed,503,1.48,HTTP 503,1787875606.9444902
e189739477654095,1,success,200,1.47,,1787875606.946575
245c4fdeb10745d7,1,failed,,601.68,timeout,1787875606.9470043
f3b6be9394314266,1,success,200,3.07,,1787875606.95116
ae98ec387a454cd4,1,success,200,3.42,,1787875606.9531298
36f1e42474d04eba,1,success,200,2.42,,1787875606.9543304
c70a19ff56bf4e8c,1,failed,,601.87,timeout,1787875606.9544387
f94ec3c3b460430f,1,success,200,2.83,,1787875606.9574826
70cfaafdf2264812,1,success,200,1.61,,1787875606.960479
8a92f84d5c3140ba,1,success,200,1.62,,1787875606.962649
c4e3f5d9317c4d77,1,success,200,1.55,,1787875606.964771
6d640d18b0444ef2,1,success,200,1.56,,1787875606.9668577
07f7c57daa9849c9,1,success,200,1.52,,1787875606.9696057
274d5f569796459c,1,success,200,1.49,,1787875606.9721973
fb7f1447045443f4,1,success,200,3.28,,1787875606.9761088
46d5e360628048c1,1,success,200,2.2,,1787875606.9765542
7a115affad0b4af4,1,success,200,1.85,,1787875606.9789722
4e983dfec5654b8d,1,success,200,2.78,,1787875606.9819665
38f80200eb9b41ba,1,success,200,1.63,,1787875606.9845052
37f3974c6b5944ac,1,success,200,1.58,,1787875606.9866936
a73b77644a874f7b,1,success,200,1.61,,1787875606.989345
eb11acc359e9424b,1,success,200,1.53,,1787875606.991476
59f12ccdda304dde,1,failed,503,1.47,HTTP 503,1787875606.9937227
6cf5bcf5cd4d42e6,1,failed,,602.38,timeout,1787875607.4859657
b89943ee4af84b03,1,failed,503,2.44,HTTP 503,1787875607.489502
6b03410beabb48eb,1,failed,,601.78,timeout,1787875607.5050218
5d65045bac1245f3,1,success,200,1.98,,1787875607.5082195
6ea46baaaceb416b,1,failed,,602.86,timeout,1787875607.5327432
60fcd19884c64fab,1,success,200,1.86,,1787875607.5354912
28e4e13311954183,1,success,200,1.76,,1787875607.538147
554d8ea33c534721,1,failed,503,1.67,HTTP 503,1787875607.5405426
92775ccac8fc49cb,1,failed,,602.61,timeout,1787875607.5588455
4d9357c8cb31453c,1,success,200,1.68,,1787875607.5614505
5de189e1ef7d4dab,1,success,200,1.53,,1787875607.5636327
ee377fb82816426e,1,failed,503,1.51,HTTP 503,1787875607.566122
31b1294112b945b4,1,success,200,1.64,,1787875607.5683508
e30fb40b8da046ef,1,success,200,1.51,,1787875607.5705335
71e781b938ea4064,1,failed,,602.18,timeout,1787875607.5830615
17ef3c06c3ff40a1,1,failed,,601.67,timeout,1787875607.5959835
68d35fb58ec344c4,1,success,200,2.25,,1787875607.5991926
cc2ae5d7939a4743,1,success,200,1.75,,1787875607.602391
eacd82aa263243a3,1,failed,,601.99,timeout,1787875608.0927753
d26f422ec8dd4305,1,success,200,2.06,,1787875608.0957508
d4fc82e2fbc84c14,1,failed,503,1.68,HTTP 503,1787875608.098203
112d9fdb713c4c00,1,success,200,1.68,,1787875608.1004503
09297a945c6b4f16,1,success,200,1.51,,1787875608.1025908
d4e04b14e59c4df9,1,success,200,2.03,,1787875608.1057866
520e6ea14ded41e7,1,failed,503,1.62,HTTP 503,1787875608.1079965
794076936cd3449a,1,failed,,601.66,timeout,1787875608.1105354
1b9485b965784d2e,1,success,200,1.63,,1787875608.1128423
39ff1ee9180e4d22,1,success,200,1.69,,1787875608.1150734
aad7439f72304ccc,1,success,200,1.65,,1787875608.1172652
37defc59342b4b92,1,failed,,601.57,timeout,1787875608.1427596
f4a1da82b0ad45b1,1,failed,503,1.59,HTTP 503,1787875608.1456206
4edd94861fad427f,1,success,200,1.8,,1787875608.1480913
30a5c30df2ec4183,1,success,200,1.64,,1787875608.1503663
2e181e2abf604547,1,failed,503,1.45,HTTP 503,1787875608.1524227
e8d148c7c7534f60,1,failed,,601.54,timeout,1787875608.1727548
0df2c6d76b9f415c,1,failed,,601.51,timeout,1787875608.1852772
49217028adcb4b59,1,success,200,1.66,,1787875608.1881464
630775ef54e742bd,1,success,200,1.62,,1787875608.1903956
15012acc27a340f4,1,success,200,1.6,,1787875608.1925964
2486919714e443df,1,success,200,1.61,,1787875608.1948247
a82b2d7985e64b83,1,success,200,1.93,,1787875608.1973913
ff94f2b6392b4c75,1,success,200,1.7,,1787875608.19993
132a524c15854d48,1,failed,,601.48,timeout,1787875608.2045615
464a1827f08b478a,1,failed,,601.6,timeout,1787875608.7101643
1cdc614d19aa4a49,1,success,200,2.02,,1787875608.71394
e22a6088967f42d1,1,success,200,1.72,,1787875608.7165625
5d1a344e955a4b57,1,failed,,600.94,timeout,1787875608.7190871
0183ceab9dd0463f,1,success,200,2.03,,1787875608.7197824
1c4ab65fa5324231,1,failed,503,1.66,HTTP 503,1787875608.7218752
700d405a3d2a4656,1,success,200,1.48,,1787875608.725308
27cc079452a24d44,1,failed,,601.84,timeout,1787875608.7548018
00078bcb55e94003,1,success,200,2.27,,1787875608.758161
6578c3869dcb414f,1,success,200,1.58,,1787875608.7603612
f96d0445b93b46e2,1,success,200,1.49,,1787875608.762402
fd947060ad324e3a,1,success,200,1.52,,1787875608.7646174
8f645eb682bb4b95,1,success,200,1.4,,1787875608.7665384
3fb40fa1e5614be3,1,success,200,1.59,,1787875608.7690156
5790413bd18a4b9e,1,success,200,1.68,,1787875608.77118
9745eead56e0488f,1,success,200,1.81,,1787875608.7735941
a5f619f3872a4f3e,1,failed,,601.94,timeout,1787875608.7755344
58a28cc828ac4bb5,1,failed,503,1.77,HTTP 503,1787875608.7758887
92deee33cd1445ac,1,success,200,2.64,,1787875608.7792568
b72b96ecdfe340f7,1,success,200,3.35,,1787875608.7817922
dbc76fe7fbef41a7,1,success,200,2.39,,1787875608.7825456
51440d9c3cfb482e,1,success,200,3.02,,1787875608.7861938
3ff0f05451f64031,1,failed,,601.49,timeout,1787875608.8018885
364d4469af7146df,1,failed,503,1.93,HTTP 503,1787875608.8046484
c16553021f08438f,1,failed,,601.69,timeout,1787875608.8069808
a23437619b87458c,1,success,200,1.87,,1787875608.8072574
a212f03389bd4200,1,failed,503,1.64,HTTP 503,1787875608.8094397
23537214b5714838,1,success,200,2.59,,1787875608.8124928
6f1b19d1005f4396,1,success,200,2.23,,1787875608.8140993
7b6c302e65964e15,1,success,200,1.59,,1787875608.8178062
bf00edc3b684478e,1,success,200,1.63,,1787875608.8200352
f793e6dfb82d4d83,1,success,200,1.53,,1787875608.8221176
77d60d7e0b3a4d13,1,failed,,601.92,timeout,1787875609.3241074
d63abc9f296040cb,1,failed,,601.98,timeout,1787875609.3279324
af43067c608e4cc8,1,success,200,4.32,,1787875609.3296225
72cb9170f3e7433a,1,failed,503,1.89,HTTP 503,1787875609.3322616
117e4f8656c143f4,1,failed,,602.05,timeout,1787875609.387089
90b5d32ad77346a4,1,failed,,602.11,timeout,1787875609.3891428
c89f5787052c4b59,1,success,200,2.35,,1787875609.3903475
842e899c9126448d,1,success,200,1.89,,1787875609.3926136
9bf1e8ecf7e841df,1,success,200,2.68,,1787875609.3958683
659c65aae6c04221,1,failed,503,1.99,HTTP 503,1787875609.3970804
b232906c2ea642db,1,success,200,2.22,,1787875609.401246
004a1fbc1bb64958,1,success,200,3.66,,1787875609.4015415
f099642c64fb41ea,1,success,200,2.1,,1787875609.4074411
397217b3e3604a85,1,failed,,601.98,timeout,1787875609.4163318
795598b646b44f90,1,success,200,1.66,,1787875609.4187834
f4a5353ca23c4391,1,success,200,2.14,,1787875609.4216077
41551d12819e41f9,1,failed,,601.84,timeout,1787875609.4245374
3fea6b0e0a5e4df8,1,success,200,1.7,,1787875609.4270403
ff873c8772504ea7,1,failed,,602.97,timeout,1787875609.9318285
0493da2e8ec143fd,1,failed,,601.85,timeout,1787875609.9348037
effc054a6621459e,1,success,200,2.79,,1787875609.9362679
e390bc8143d14d20,1,success,200,3.29,,1787875609.9404597
c175a155eac34b19,1,failed,,601.9,timeout,1787875610.0049188
006238c7dc8e4ff8,1,failed,503,2.46,HTTP 503,1787875610.0084643
22a280d50e214931,1,failed,,601.8,timeout,1787875610.0099106
6ebce7321eb84ae7,1,success,200,3.26,,1787875610.0127003
ee1e1b5a1b30485c,1,success,200,3.49,,1787875610.0150065
1a9412af54404964,1,success,200,3.61,,1787875610.0177274
73f2dae832c54e2b,1,success,200,3.57,,1787875610.0199609
9cc0ddabe3094cfa,1,success,200,2.56,,1787875610.0211198
0e7f5d0f9d5f4867,1,failed,,601.68,timeout,1787875610.0238955
6d16e878cfa14c61,1,success,200,3.64,,1787875610.025528
bc7f972af6bc4260,1,success,200,3.74,,1787875610.0279016
634fe29550ba4fbd,1,failed,,601.56,timeout,1787875610.0294168
fdf5c7d0218747bc,1,success,200,1.87,,1787875610.0322733
ea36cc7f63034d5e,1,success,200,1.83,,1787875610.034795
79c123ffe4bf4217,1,success,200,3.65,,1787875610.0388699
d6253c01da264b4a,1,success,200,2.76,,1787875610.0394957
dd847b9955a54359,1,success,200,1.67,,1787875610.0430295
a7f82601579c4a71,1,failed,,602.85,timeout,1787875610.541879
da67848375794a86,1,failed,,601.56,timeout,1787875610.5432217
7cbb1166de1b49dc,1,failed,,602.52,timeout,1787875610.629116
8ca9c6d54b6c4801,1,failed,,602.32,timeout,1787875610.631084
7e3cd54480d84cfc,1,success,200,2.53,,1787875610.6331055
e11597ff17734cb6,1,success,200,3.14,,1787875610.63693
7952a27ce3a548cc,1,success,200,2.33,,1787875610.6399186
8558bb87a01d401e,1,success,200,4.56,,1787875610.6401715
65a338d2ffcf4137,1,failed,,601.66,timeout,1787875610.6416068
2023ce24937c4ff6,1,success,200,3.21,,1787875610.644132
bc7cce4e2fe44740,1,failed,,602.05,timeout,1787875610.645694
23af5d681a9847c9,1,success,200,2.25,,1787875610.6471574
45099b8297da4416,1,success,200,3.41,,1787875610.651062
3af6da05fba14393,1,success,200,2.97,,1787875610.6515641
3b5e32e0e6394593,1,success,200,3.06,,1787875610.6556375
56caf96d0f4c4f1e,1,success,200,2.47,,1787875610.6564164
f91060735e524a8c,1,failed,503,2.03,HTTP 503,1787875610.6635633
e473764deb3f42bf,1,failed,,602.73,timeout,1787875611.145728
67fd38eac58b43ad,1,failed,,601.87,timeout,1787875611.1469362
ffd5b0ffdbcc494b,1,success,200,1.69,,1787875611.150598
d7aaf56461814b5e,1,success,200,1.68,,1787875611.1530929
9f663837322c4897,1,success,200,1.63,,1787875611.1560602
77706ce144674b2f,1,success,200,1.6,,1787875611.1584845
4a37189c7bcf4ee4,1,success,200,1.62,,1787875611.1607742
a348a678e1694234,1,failed,,602.45,timeout,1787875611.2452564
fb36a0b433214e86,1,failed,503,2.24,HTTP 503,1787875611.2489605
f534aecfb97447d5,1,success,200,1.94,,1787875611.2515347
aadc18671eb74c45,1,failed,503,1.55,HTTP 503,1787875611.2538075
2bc7a09ff5464bf4,1,success,200,1.64,,1787875611.2560477
704cd63223a848ed,1,success,200,1.55,,1787875611.2583234
8ce9cf8d626143c3,1,failed,,601.94,timeout,1787875611.2585692
d05c7eee140449d4,1,failed,,601.97,timeout,1787875611.2603154
a2709a67efa542c0,1,success,200,2.11,,1787875611.2615407
48a7a29f1b1647eb,1,success,200,3.6,,1787875611.2655537
868b8f881c5f4ad9,1,failed,,602.61,timeout,1787875611.2668364
dfd2d884d6784fe4,1,success,200,3.53,,1787875611.2695396
a3dba43185c5493b,1,success,200,3.32,,1787875611.2713242
d1639aeb470d43f6,1,success,200,3.44,,1787875611.274079
fc163918fa3f4582,1,success,200,3.77,,1787875611.2763147
34d67dfede5948c2,1,success,200,3.59,,1787875611.2783856
45d6b885a6344d8a,1,success,200,2.9,,1787875611.2800198
b83255f7e8f64b05,1,failed,503,2.93,HTTP 503,1787875611.2833414
4c4065d6127746da,1,failed,503,2.44,HTTP 503,1787875611.2844236
290db0b7bd724360,1,success,200,2.78,,1787875611.2882226
3980fcce110d444a,1,success,200,3.49,,1787875611.2904077
c9e7c36458a745ab,1,failed,503,2.97,HTTP 503,1787875611.2921388
89cecf837c094338,1,success,200,1.7,,1787875611.3060484
fa8c1fbb951f404c,1,failed,,602.02,timeout,1787875611.7492204
e6f0956420da423b,1,success,200,2.15,,1787875611.753216
4bf8c45347614a79,1,failed,,601.57,timeout,1787875611.7631214
e99851b29a7d44b8,1,success,200,2.25,,1787875611.7661517
45aa2956aa324b9c,1,success,200,1.75,,1787875611.7687864
9b8c65c9c9304725,1,success,200,1.79,,1787875611.7711587
4d18c7df8cec482d,1,failed,,604.28,timeout,1787875611.867928
ed22bf8aefa94f69,1,success,200,1.96,,1787875611.8709455
69e0912fa09b4471,1,success,200,1.63,,1787875611.8734071
84d4633df81c4d8a,1,failed,,601.84,timeout,1787875611.894126
3d30b11ca751484f,1,failed,,601.33,timeout,1787875611.8951123
483f0f6823d1449d,1,success,200,2.0,,1787875611.8974576
8a2b95fbdaec48e1,1,failed,503,1.85,HTTP 503,1787875611.899767
332af6aba41945af,1,success,200,1.85,,1787875611.9037466
23065c699c4e49d0,1,success,200,1.68,,1787875611.9063506
bb0608e7f10045e7,1,success,200,1.8,,1787875611.9086838
1f1f66ea69be482e,1,failed,,601.96,timeout,1787875611.908773
3d7fe4804cc3485c,1,failed,,602.07,timeout,1787875612.3564706
78520add4ef8477e,1,failed,,601.76,timeout,1787875612.3734937
4e7efa0242324bac,1,failed,,601.25,timeout,1787875612.4751809
28feffb6d56e49fa,1,success,200,2.15,,1787875612.4786177
e458ae88b4394f0a,1,success,200,1.72,,1787875612.4810324
e067fd82da994173,1,failed,,602.17,timeout,1787875612.5021603
6881e8e7033a4c91,1,success,200,1.77,,1787875612.504859
b8f11029c13b4d40,1,success,200,1.75,,1787875612.5073292
846dce606f8e4fc0,1,success,200,1.53,,1787875612.5103204
358744753af14857,1,failed,,602.75,timeout,1787875612.5122397
e7a8c27ef45f49bc,1,failed,,601.89,timeout,1787875612.5124705
315d257181c74ebc,1,success,200,3.05,,1787875612.5139554
30ce3eb0e6fb47ee,1,failed,503,5.05,HTTP 503,1787875612.5181577
c845ae083115421b,1,failed,503,4.44,HTTP 503,1787875612.5187736
7514730cba4c46a7,1,success,200,2.72,,1787875612.5202322
0347c32a58174f9f,1,success,200,2.66,,1787875612.5259476
727872c9e2184da0,1,success,200,4.14,,1787875612.5262356
563696b0785c4b8d,1,success,200,1.7,,1787875612.5291553
a4930f483c834af1,1,success,200,1.66,,1787875612.531462
1cc42a960cc646e7,1,failed,503,1.43,HTTP 503,1787875612.5334835
6addbc19b2064f1f,1,failed,503,3.16,HTTP 503,1787875612.5372689
b650734eba254c91,1,success,200,2.0,,1787875612.5379937
4b1037a1100f4dd4,1,success,200,2.18,,1787875612.540536
df64ae8c77514d4d,1,success,200,1.79,,1787875612.5427094
745a6b76e9d7402e,1,failed,,603.04,timeout,1787875612.96041
280851b876cd4abe,1,success,200,2.39,,1787875612.963828
609976b98ba84b5d,1,success,200,1.78,,1787875612.9663599
aed5bf0d0fb34beb,1,failed,,601.75,timeout,1787875612.9762197
ff437f51515c40b3,1,failed,,601.61,timeout,1787875613.083179
51794184d3c046b5,1,success,200,2.07,,1787875613.0863998
b60caded8a6a43de,1,success,200,1.74,,1787875613.0889258
058b5e0f497e455a,1,success,200,1.68,,1787875613.0914927
55b5d29ca6df4934,1,success,200,1.56,,1787875613.093648
cda577a9aa2f47d5,1,success,200,1.54,,1787875613.0957413
d454b4898a83497b,1,success,200,1.43,,1787875613.097737
d18aa697497547a4,1,failed,503,1.46,HTTP 503,1787875613.0997922
9a16d719d842456a,2,success,200,1.85,,1787875613.1025968
9632389b67c5407c,2,failed,503,1.4,HTTP 503,1787875613.1046417
d9e196f1cc414bf9,2,failed,503,1.55,HTTP 503,1787875613.106877
34127e27da3c42e7,1,failed,,601.5,timeout,1787875613.1218727
6972657decd2460a,1,success,200,1.63,,1787875613.1243436
ae4b7df038e74640,1,success,200,1.56,,1787875613.1266177
df38c8892bc2425a,1,success,200,1.42,,1787875613.1285777
1d8871f58eba41a0,1,failed,,602.08,timeout,1787875613.145508
26878fe901104403,1,failed,,602.93,timeout,1787875613.147911
3fe6edf9ecd94724,1,failed,503,2.76,HTTP 503,1787875613.149106
a6bf38c5a1204d7c,1,failed,503,3.24,HTTP 503,1787875613.1526349
01b9f5629d1b400b,1,success,200,3.75,,1787875613.155041
29ae888e769a44b6,1,success,200,3.42,,1787875613.157297
468de2907e3047c8,1,failed,503,2.86,HTTP 503,1787875613.1593103
954c5a1daf6f461b,1,failed,,602.07,timeout,1787875613.56894
250118d3319c4f58,2,failed,503,2.3,HTTP 503,1787875613.5728438
846b5ca7d5604c60,1,failed,,601.9,timeout,1787875613.5788045
101b25b3b3ae4a22,2,success,200,1.6,,1787875613.581651
6b0ec36a6bbf4a94,2,success,200,1.52,,1787875613.5838447
6bdde7d7271c4b07,2,success,200,1.54,,1787875613.5860486
4f7048b23688482e,2,failed,,601.59,timeout,1787875613.709147
d2b8ce51a7d34c95,2,success,200,14.62,,1787875613.7248952
41ebe041e6744fb7,1,failed,,601.78,timeout,1787875613.7309508
723ae24ddc244089,2,failed,503,1.56,HTTP 503,1787875613.7337627
83ff757289544801,2,failed,503,1.6,HTTP 503,1787875613.736033
9b1c2a8b079c448d,2,failed,503,1.56,HTTP 503,1787875613.7383592
188bce0042dd46fd,1,failed,,601.61,timeout,1787875613.761753
9829e68952324af0,1,failed,,603.62,timeout,1787875613.762005
2dc65904fe754b76,2,failed,503,1.48,HTTP 503,1787875613.7667644
cbaa8322bab94bb0,2,success,200,1.7,,1787875613.7690396
96f9315113b443e3,2,failed,,601.48,timeout,1787875614.1751957
d657592b6c9843b4,2,failed,503,2.82,HTTP 503,1787875614.1791022
3c4a373cd7a440e6,2,failed,503,1.73,HTTP 503,1787875614.1817403
bfaba2c3926d47e7,2,success,200,1.75,,1787875614.1842444
1f781db5b1874e97,2,failed,503,1.51,HTTP 503,1787875614.1867163
994c342d4e4e4c1e,2,failed,,601.84,timeout,1787875614.188448
ca3adbe162b84c43,2,success,200,2.94,,1787875614.1902528
9d269d844a4d4d47,2,success,200,3.07,,1787875614.192503
e97e6b2c74d24fb5,2,failed,,601.73,timeout,1787875614.3278317
1a87b988a7b147c8,2,success,200,2.99,,1787875614.3320663
a98d84058751472e,2,failed,,601.7,timeout,1787875614.3407123
0f2fe0e2572b4192,2,success,200,2.52,,1787875614.3442798
0f67c7be97cc4044,2,success,200,1.92,,1787875614.3475468
eabd1d88ac244685,2,failed,503,1.66,HTTP 503,1787875614.3500555
3be18c695daa47ac,2,success,200,1.7,,1787875614.3525481
20695921457b449b,2,failed,503,1.68,HTTP 503,1787875614.3549917
1d19480b3a794fa7,2,success,200,1.7,,1787875614.3576064
9f7750b5c8274760,2,success,200,1.8,,1787875614.360313
e89e4fb89dc54467,2,failed,503,2.72,HTTP 503,1787875614.3637094
657a6e0a2291480e,2,failed,,602.92,timeout,1787875614.3659835
ae56a89500694085,2,success,200,2.0,,1787875614.3663476
ee8eada278c24719,2,failed,503,2.89,HTTP 503,1787875614.369884
4dc78d331d3b4455,2,failed,503,2.46,HTTP 503,1787875614.3710692
7d02f2f467aa4409,2,failed,,601.58,timeout,1787875614.3711987
c2a75edff894494e,2,failed,503,1.95,HTTP 503,1787875614.3733883
bece7712ffeb4f49,2,success,200,2.87,,1787875614.3768241
d3f236d9f3864db9,2,success,200,1.66,,1787875614.384717
8ad2f19357a04719,2,failed,,602.59,timeout,1787875614.793797
e85a32f9064e4a40,2,failed,,602.03,timeout,1787875614.7959018
52b6710a1f144e59,2,failed,503,4.33,HTTP 503,1787875614.7993474
7a83650c1d314f14,2,success,200,3.61,,1787875614.801455
949e3d71a53845b6,2,failed,503,3.16,HTTP 503,1787875614.8036344
e2b0bcc14f0044f3,2,success,200,2.57,,1787875614.8053913
358647e363e644b5,2,failed,503,1.75,HTTP 503,1787875614.8074102
d4f111c216114793,2,success,200,1.63,,1787875614.8108647
7faa3c015a93441f,2,success,200,1.6,,1787875614.813115
f9b007ec3cbc45a3,2,failed,,601.84,timeout,1787875614.934766
df4e2d126e89477c,2,failed,503,2.23,HTTP 503,1787875614.9381292
05a63a2935ec4e28,2,success,200,2.37,,1787875614.9415317
7e1c1076fc3449c8,2,failed,503,1.69,HTTP 503,1787875614.944551
55142f7cecaf4968,2,success,200,1.81,,1787875614.9472508
ee79df9c9c8b4442,2,success,200,1.64,,1787875614.9496937
70ab16d4948746f8,2,failed,503,1.59,HTTP 503,1787875614.9518914
bd2db11436a643e0,2,success,200,1.67,,1787875614.954155
486d7051e41b4f26,2,success,200,1.67,,1787875614.9569478
686173c8d90e4384,2,failed,,602.6,timeout,1787875614.9780445
950c35affcd24577,2,failed,,602.06,timeout,1787875614.9800096
47e579c350d9462d,2,failed,503,2.8,HTTP 503,1787875614.9826117
0136637ac98e49af,2,success,200,4.06,,1787875614.986953
a0e5062720d14f42,2,failed,,601.98,timeout,1787875614.9873857
a002ec64a9f54c20,2,failed,503,3.97,HTTP 503,1787875614.9894614
a653b5ec81444dcb,2,success,200,4.34,,1787875614.9926763
b36436e376cc4b0c,2,failed,503,3.63,HTTP 503,1787875614.9937115
245c4fdeb10745d7,2,failed,503,1.97,HTTP 503,1787875614.995876
de877ebcc16c42f2,2,success,200,2.09,,1787875615.000194
7a72ea2070324586,2,success,200,2.71,,1787875615.0033557
69320a77fe284f36,2,failed,503,3.68,HTTP 503,1787875615.0062883
f7a2767115ea4b66,2,failed,,603.01,timeout,1787875615.4108772
91be3b51be814126,2,failed,,601.9,timeout,1787875615.4158282
29211e956088497f,2,success,200,2.07,,1787875615.4188845
9731dbf6197045ae,2,success,200,1.84,,1787875615.4218261
e516a1af1de843ae,2,failed,503,1.66,HTTP 503,1787875615.4239843
a4816cb0b4624b4d,2,failed,,601.59,timeout,1787875615.5591779
a764ab49f9d14834,2,success,200,2.31,,1787875615.5626888
b10536170af14a82,2,failed,,602.22,timeout,1787875615.5983567
ead8295090a34f74,2,failed,,602.16,timeout,1787875615.6071045
e6e9c690635344a8,2,failed,,601.7,timeout,1787875615.609358
04db2227c9624dbe,2,success,200,3.16,,1787875615.611227
7d2bd2b4a1a44730,2,success,200,1.77,,1787875615.613942
6b03410beabb48eb,2,success,200,1.59,,1787875615.6164608
ded8f556fec34f11,2,failed,,601.96,timeout,1787875616.0139635
033841e7de9b4f99,2,failed,,601.59,timeout,1787875616.026132
17ef3c06c3ff40a1,2,failed,503,1.92,HTTP 503,1787875616.0290186
afc54c83532e40a9,2,failed,,601.33,timeout,1787875616.1646883
824621bfc807428a,2,failed,,601.94,timeout,1787875616.201102
3d9aadcfc184481a,2,failed,,602.06,timeout,1787875616.2125494
6a364ca7d78b4bdd,2,failed,503,1.99,HTTP 503,1787875616.2154117
59f12ccdda304dde,2,success,200,1.67,,1787875616.2177007
6ea46baaaceb416b,2,failed,,601.87,timeout,1787875616.2189803
6cf5bcf5cd4d42e6,2,failed,503,2.0,HTTP 503,1787875616.222162
554d8ea33c534721,2,failed,503,1.56,HTTP 503,1787875616.2242415
92775ccac8fc49cb,2,failed,,602.48,timeout,1787875616.618684
ee377fb82816426e,2,failed,503,2.3,HTTP 503,1787875616.62215
71e781b938ea4064,2,failed,,601.27,timeout,1787875616.631065
e8d148c7c7534f60,2,success,200,1.76,,1787875616.6341743
eacd82aa263243a3,2,success,200,1.56,,1787875616.6364474
2e181e2abf604547,2,failed,503,1.4,HTTP 503,1787875616.6385038
132a524c15854d48,2,success,200,1.71,,1787875616.6408906
6c4e1fe97b1f42b9,2,failed,,602.34,timeout,1787875616.7682967
d4fc82e2fbc84c14,2,failed,503,2.19,HTTP 503,1787875616.7721012
37defc59342b4b92,2,success,200,1.76,,1787875616.7747264
fcbd956e0db84565,2,failed,,601.87,timeout,1787875616.8038654
3ff0f05451f64031,2,success,200,2.38,,1787875616.8080096
c70a19ff56bf4e8c,2,failed,,601.93,timeout,1787875616.8202055
364d4469af7146df,2,failed,503,1.76,HTTP 503,1787875616.8242445
b89943ee4af84b03,2,failed,,601.64,timeout,1787875616.8264632
a5f619f3872a4f3e,2,failed,503,2.01,HTTP 503,1787875616.8271112
d63abc9f296040cb,2,success,200,1.76,,1787875616.8301249
90b5d32ad77346a4,2,success,200,1.66,,1787875616.8324184
77d60d7e0b3a4d13,2,failed,503,1.54,HTTP 503,1787875616.8347409
659c65aae6c04221,2,success,200,3.1,,1787875616.8384748
520e6ea14ded41e7,2,failed,,602.07,timeout,1787875617.2250247
f4a1da82b0ad45b1,2,failed,503,2.22,HTTP 503,1787875617.2284238
794076936cd3449a,2,failed,503,1.76,HTTP 503,1787875617.2309535
0df2c6d76b9f415c,2,failed,,601.66,timeout,1787875617.243117
22a280d50e214931,2,success,200,2.34,,1787875617.246633
0e7f5d0f9d5f4867,2,failed,503,1.68,HTTP 503,1787875617.2490895
65a338d2ffcf4137,2,success,200,1.78,,1787875617.2515836
da67848375794a86,2,success,200,1.67,,1787875617.2538428
a7f82601579c4a71,2,success,200,1.81,,1787875617.256275
7cbb1166de1b49dc,2,failed,503,1.47,HTTP 503,1787875617.258522
f91060735e524a8c,2,success,200,1.51,,1787875617.26062
8ca9c6d54b6c4801,2,failed,503,1.59,HTTP 503,1787875617.2630215
bc7cce4e2fe44740,2,failed,503,1.52,HTTP 503,1787875617.2651525
e473764deb3f42bf,2,success,200,1.69,,1787875617.2674875
464a1827f08b478a,2,failed,,601.86,timeout,1787875617.3773065
1c4ab65fa5324231,2,success,200,2.21,,1787875617.3805776
a212f03389bd4200,2,failed,503,1.81,HTTP 503,1787875617.3831055
a348a678e1694234,2,success,200,1.86,,1787875617.3863053
27cc079452a24d44,2,failed,,601.98,timeout,1787875617.4107778
58a28cc828ac4bb5,2,failed,503,1.82,HTTP 503,1787875617.4137936
5d1a344e955a4b57,2,success,200,1.96,,1787875617.4165123
c16553021f08438f,2,failed,503,1.57,HTTP 503,1787875617.4187632
fa8c1fbb951f404c,2,failed,503,1.65,HTTP 503,1787875617.422134
397217b3e3604a85,2,failed,,601.36,timeout,1787875617.4384093
41551d12819e41f9,2,failed,,602.26,timeout,1787875617.4413974
117e4f8656c143f4,2,failed,503,2.59,HTTP 503,1787875617.441917
72cb9170f3e7433a,2,success,200,1.81,,1787875617.4459262
4e7efa0242324bac,2,failed,503,1.67,HTTP 503,1787875617.4485745
e7a8c27ef45f49bc,2,success,200,1.92,,1787875617.4512568
30ce3eb0e6fb47ee,2,failed,503,1.66,HTTP 503,1787875617.4537528
ff873c8772504ea7,2,failed,,601.7,timeout,1787875617.8342614
0493da2e8ec143fd,2,success,200,2.23,,1787875617.8376832
4c4065d6127746da,2,failed,,601.87,timeout,1787875617.8701355
67fd38eac58b43ad,2,failed,503,2.15,HTTP 503,1787875617.8732913
b83255f7e8f64b05,2,failed,,601.6,timeout,1787875617.9886272
c9e7c36458a745ab,2,success,200,2.73,,1787875617.9923613
d05c7eee140449d4,2,failed,503,1.66,HTTP 503,1787875617.99493
8ce9cf8d626143c3,2,success,200,1.58,,1787875617.997393
e067fd82da994173,2,failed,503,1.6,HTTP 503,1787875618.0000095
1f1f66ea69be482e,2,failed,,601.64,timeout,1787875618.024343
4bf8c45347614a79,2,success,200,1.75,,1787875618.0271542
84d4633df81c4d8a,2,success,200,1.76,,1787875618.0298529
3d30b11ca751484f,2,success,200,1.79,,1787875618.032375
4d18c7df8cec482d,2,failed,,602.97,timeout,1787875618.045489
1cc42a960cc646e7,2,failed,,602.01,timeout,1787875618.056423
006238c7dc8e4ff8,2,failed,,601.76,timeout,1787875618.4402
634fe29550ba4fbd,2,failed,503,3.0,HTTP 503,1787875618.4441178
c175a155eac34b19,2,success,200,1.78,,1787875618.446507
868b8f881c5f4ad9,2,failed,,602.15,timeout,1787875618.4762833
c845ae083115421b,2,failed,,601.86,timeout,1787875618.602459
a6bf38c5a1204d7c,2,failed,,601.65,timeout,1787875618.6351027
8a2b95fbdaec48e1,2,failed,,601.67,timeout,1787875618.6478434
78520add4ef8477e,2,success,200,2.75,,1787875618.651413
6addbc19b2064f1f,2,failed,,601.62,timeout,1787875618.6586967
846b5ca7d5604c60,2,success,200,1.75,,1787875618.661828
41ebe041e6744fb7,2,success,200,1.65,,1787875618.6641767
188bce0042dd46fd,2,success,200,1.67,,1787875618.6664417
9829e68952324af0,2,success,200,1.68,,1787875618.6688454
250118d3319c4f58,3,failed,503,1.71,HTTP 503,1787875618.671344
83ff757289544801,3,success,200,1.55,,1787875618.6737416
723ae24ddc244089,3,failed,503,1.54,HTTP 503,1787875618.6759143
2dc65904fe754b76,3,failed,503,1.53,HTTP 503,1787875618.6780915
9b1c2a8b079c448d,3,failed,503,1.54,HTTP 503,1787875618.6801264
d18aa697497547a4,2,failed,,601.55,timeout,1787875619.0491655
468de2907e3047c8,2,success,200,2.28,,1787875619.0524504
aadc18671eb74c45,2,failed,,601.64,timeout,1787875619.0788438
fb36a0b433214e86,2,success,200,1.83,,1787875619.0815513
1f781db5b1874e97,3,failed,503,1.78,HTTP 503,1787875619.0843203
3c4a373cd7a440e6,3,success,200,1.63,,1787875619.0866477
994c342d4e4e4c1e,3,failed,503,1.61,HTTP 503,1787875619.088892
aed5bf0d0fb34beb,2,failed,,602.05,timeout,1787875619.2056441
745a6b76e9d7402e,2,failed,503,2.23,HTTP 503,1787875619.2088366
3fe6edf9ecd94724,2,failed,,601.94,timeout,1787875619.23804
3d7fe4804cc3485c,2,failed,,601.68,timeout,1787875619.2548378
358744753af14857,2,success,200,1.82,,1787875619.2575114
4f7048b23688482e,3,failed,,601.83,timeout,1787875619.2824738
d9e196f1cc414bf9,3,failed,,601.75,timeout,1787875619.6549714
d657592b6c9843b4,3,failed,,601.67,timeout,1787875619.6910958
e97e6b2c74d24fb5,3,failed,503,2.29,HTTP 503,1787875619.6944332
8ad2f19357a04719,3,success,200,1.9,,1787875619.6974504
34127e27da3c42e7,2,failed,,601.6,timeout,1787875619.811194
f9b007ec3cbc45a3,3,success,200,3.01,,1787875619.8155737
245c4fdeb10745d7,3,failed,503,1.89,HTTP 503,1787875619.8182852
a002ec64a9f54c20,3,success,200,1.95,,1787875619.8208268
70ab16d4948746f8,3,success,200,1.96,,1787875619.823478
ff437f51515c40b3,2,failed,,602.76,timeout,1787875619.8417287
1d8871f58eba41a0,2,success,200,1.69,,1787875619.8441126
26878fe901104403,2,success,200,1.78,,1787875619.846776
eabd1d88ac244685,3,failed,,602.05,timeout,1787875619.8611748
20695921457b449b,3,failed,503,1.6,HTTP 503,1787875619.8635185
7d02f2f467aa4409,3,failed,,601.71,timeout,1787875619.8857098
9632389b67c5407c,3,failed,,601.88,timeout,1787875620.2579181
954c5a1daf6f461b,2,success,200,2.65,,1787875620.2615583
358647e363e644b5,3,failed,,601.22,timeout,1787875620.2991507
949e3d71a53845b6,3,success,200,1.99,,1787875620.3019524
52b6710a1f144e59,3,success,200,1.79,,1787875620.3042974
e85a32f9064e4a40,3,success,200,1.54,,1787875620.3065002
a0e5062720d14f42,3,failed,,601.76,timeout,1787875620.4258306
686173c8d90e4384,3,failed,,601.57,timeout,1787875620.449399
950c35affcd24577,3,success,200,2.15,,1787875620.45237
96f9315113b443e3,3,failed,,601.64,timeout,1787875620.4660265
657a6e0a2291480e,3,failed,,601.66,timeout,1787875620.4880805
a98d84058751472e,3,failed,503,1.58,HTTP 503,1787875620.4904456
df4e2d126e89477c,3,failed,,601.92,timeout,1787875620.8643272
47e579c350d9462d,3,failed,503,2.15,HTTP 503,1787875620.8674347
91be3b51be814126,3,success,200,2.11,,1787875620.8703651
a4816cb0b4624b4d,3,failed,,601.58,timeout,1787875620.9090593
ead8295090a34f74,3,success,200,2.06,,1787875620.9119844
b10536170af14a82,3,success,200,1.65,,1787875620.9145327
17ef3c06c3ff40a1,3,failed,,601.85,timeout,1787875621.0291727
7e1c1076fc3449c8,3,failed,,601.68,timeout,1787875621.054803
69320a77fe284f36,3,success,200,2.89,,1787875621.0585573
b36436e376cc4b0c,3,success,200,1.76,,1787875621.061152
c2a75edff894494e,3,failed,,602.03,timeout,1787875621.068842
ee8eada278c24719,3,failed,,601.78,timeout,1787875621.0929542
e516a1af1de843ae,3,failed,,601.85,timeout,1787875621.4732594
e6e9c690635344a8,3,failed,,601.9,timeout,1787875621.517183
ded8f556fec34f11,3,failed,503,2.61,HTTP 503,1787875621.5208871
033841e7de9b4f99,3,failed,,601.82,timeout,1787875621.631858
824621bfc807428a,3,success,200,2.13,,1787875621.6348796
afc54c83532e40a9,3,failed,,601.84,timeout,1787875621.6640024
3d9aadcfc184481a,3,failed,503,1.84,HTTP 503,1787875621.6668634
e89e4fb89dc54467,3,failed,,601.49,timeout,1787875621.6710603
c70a19ff56bf4e8c,3,success,200,1.93,,1787875621.674215
a5f619f3872a4f3e,3,failed,503,1.57,HTTP 503,1787875621.6764746
4dc78d331d3b4455,3,failed,,601.31,timeout,1787875621.6950853
f7a2767115ea4b66,3,failed,,601.89,timeout,1787875622.0761049
bc7cce4e2fe44740,3,failed,503,2.25,HTTP 503,1787875622.0797825
2e181e2abf604547,3,failed,,601.13,timeout,1787875622.123095
ee377fb82816426e,3,failed,503,1.89,HTTP 503,1787875622.1260202
d4fc82e2fbc84c14,3,failed,503,1.65,HTTP 503,1787875622.1282585
71e781b938ea4064,3,success,200,1.57,,1787875622.1305315
6ea46baaaceb416b,3,failed,,601.58,timeout,1787875622.2370846
6cf5bcf5cd4d42e6,3,failed,503,2.04,HTTP 503,1787875622.2401485
117e4f8656c143f4,3,failed,503,1.68,HTTP 503,1787875622.2430506
6a364ca7d78b4bdd,3,failed,,602.07,timeout,1787875622.2698164
364d4469af7146df,3,failed,,601.66,timeout,1787875622.2787101
fcbd956e0db84565,3,failed,503,2.13,HTTP 503,1787875622.2815907
77d60d7e0b3a4d13,3,failed,503,1.65,HTTP 503,1787875622.284031
30ce3eb0e6fb47ee,3,success,200,1.87,,1787875622.2870836
fa8c1fbb951f404c,3,failed,503,1.84,HTTP 503,1787875622.2894826
464a1827f08b478a,3,success,200,1.84,,1787875622.2919047
4e7efa0242324bac,3,success,200,1.81,,1787875622.294612
b89943ee4af84b03,3,failed,,601.97,timeout,1787875622.2981045
0df2c6d76b9f415c,3,failed,,601.74,timeout,1787875622.6821496
6c4e1fe97b1f42b9,3,failed,,601.87,timeout,1787875622.733055
4c4065d6127746da,3,failed,503,2.22,HTTP 503,1787875622.7365038
67fd38eac58b43ad,3,failed,503,1.79,HTTP 503,1787875622.7389698
27cc079452a24d44,3,failed,,601.86,timeout,1787875622.8457146
554d8ea33c534721,3,failed,,602.49,timeout,1787875622.8730502
92775ccac8fc49cb,3,success,200,2.62,,1787875622.876918
1f1f66ea69be482e,3,success,200,2.34,,1787875622.8806217
41551d12819e41f9,3,failed,,601.86,timeout,1787875622.8978796
794076936cd3449a,3,failed,,601.65,timeout,1787875622.9006357
006238c7dc8e4ff8,3,success,200,2.21,,1787875622.9019532
868b8f881c5f4ad9,3,success,200,1.69,,1787875622.905566
c845ae083115421b,3,failed,503,1.64,HTTP 503,1787875622.9078658
520e6ea14ded41e7,3,failed,,602.27,timeout,1787875623.285371
0e7f5d0f9d5f4867,3,success,200,2.96,,1787875623.2895296
397217b3e3604a85,3,success,200,1.84,,1787875623.2921696
ff873c8772504ea7,3,failed,,601.92,timeout,1787875623.341568
d05c7eee140449d4,3,failed,503,1.92,HTTP 503,1787875623.344506
b83255f7e8f64b05,3,failed,503,1.52,HTTP 503,1787875623.3467207
2dc65904fe754b76,4,failed,503,1.54,HTTP 503,1787875623.349445
58a28cc828ac4bb5,3,failed,,602.86,timeout,1787875623.4495022
c16553021f08438f,3,success,200,2.27,,1787875623.4529417
a212f03389bd4200,3,failed,503,1.73,HTTP 503,1787875623.4555166
9b1c2a8b079c448d,4,success,200,1.61,,1787875623.4581363
994c342d4e4e4c1e,4,success,200,1.69,,1787875623.4603636
1f781db5b1874e97,4,failed,503,1.66,HTTP 503,1787875623.46256
34127e27da3c42e7,3,success,200,1.7,,1787875623.4647863
4f7048b23688482e,4,failed,503,1.51,HTTP 503,1787875623.466951
ff437f51515c40b3,3,failed,503,1.44,HTTP 503,1787875623.4692938
e067fd82da994173,3,failed,,601.91,timeout,1787875623.4831054
1cc42a960cc646e7,3,success,200,1.7,,1787875623.4855275
4d18c7df8cec482d,3,success,200,1.55,,1787875623.4877017
634fe29550ba4fbd,3,success,200,1.74,,1787875623.4902792
7d02f2f467aa4409,4,success,200,1.57,,1787875623.4927368
245c4fdeb10745d7,4,failed,503,1.56,HTTP 503,1787875623.4948583
20695921457b449b,4,success,200,2.1,,1787875623.4983573
9632389b67c5407c,4,failed,503,2.06,HTTP 503,1787875623.5011585
f4a1da82b0ad45b1,3,failed,,602.19,timeout,1787875623.50438
6addbc19b2064f1f,3,failed,,602.56,timeout,1787875623.5111063
8a2b95fbdaec48e1,3,failed,503,1.6,HTTP 503,1787875623.5134683
a6bf38c5a1204d7c,3,failed,,601.92,timeout,1787875623.8951447
aadc18671eb74c45,3,failed,503,2.05,HTTP 503,1787875623.898218
d18aa697497547a4,3,success,200,1.85,,1787875623.9009252
723ae24ddc244089,4,failed,,601.17,timeout,1787875623.9511404
745a6b76e9d7402e,3,success,200,1.87,,1787875623.953824
d9e196f1cc414bf9,4,failed,,601.36,timeout,1787875624.0711982
358647e363e644b5,4,failed,,601.48,timeout,1787875624.103194
7cbb1166de1b49dc,3,failed,,601.5,timeout,1787875624.106481
a0e5062720d14f42,4,failed,,601.92,timeout,1787875624.1162322
3fe6edf9ecd94724,3,failed,,601.6,timeout,1787875624.5032008
250118d3319c4f58,4,success,200,2.14,,1787875624.506526
aed5bf0d0fb34beb,3,failed,,601.59,timeout,1787875624.5559857
3d7fe4804cc3485c,3,success,200,1.94,,1787875624.558763
3d9aadcfc184481a,4,success,200,1.85,,1787875624.5620449
4dc78d331d3b4455,4,success,200,1.73,,1787875624.5644052
d657592b6c9843b4,4,failed,,601.95,timeout,1787875624.6740758
e97e6b2c74d24fb5,4,failed,503,2.21,HTTP 503,1787875624.6773634
47e579c350d9462d,4,failed,,601.74,timeout,1787875624.7070732
a4816cb0b4624b4d,4,failed,503,2.43,HTTP 503,1787875624.7105298
8ca9c6d54b6c4801,3,failed,,602.63,timeout,1787875624.7108238
df4e2d126e89477c,4,success,200,3.7,,1787875624.7147968
c2a75edff894494e,4,failed,503,1.49,HTTP 503,1787875624.7176313
686173c8d90e4384,4,failed,,601.96,timeout,1787875624.7189732
7e1c1076fc3449c8,4,failed,,602.19,timeout,1787875625.110229
033841e7de9b4f99,4,failed,,601.68,timeout,1787875625.1667097
eabd1d88ac244685,4,failed,,602.02,timeout,1787875625.2801497
e89e4fb89dc54467,4,failed,,601.56,timeout,1787875625.314858
17ef3c06c3ff40a1,4,failed,,602.0,timeout,1787875625.3204782
96f9315113b443e3,4,failed,,601.73,timeout,1787875625.321878
364d4469af7146df,4,failed,503,2.1,HTTP 503,1787875625.3241649
a98d84058751472e,4,failed,503,1.83,HTTP 503,1787875625.3266459
fcbd956e0db84565,4,success,200,2.81,,1787875625.3297782
657a6e0a2291480e,4,success,200,3.0,,1787875625.3320975
ee8eada278c24719,4,failed,,602.47,timeout,1787875625.713836
a5f619f3872a4f3e,4,failed,,603.05,timeout,1787875625.7709734
117e4f8656c143f4,4,failed,,602.43,timeout,1787875625.8842106
f7a2767115ea4b66,4,failed,503,2.3,HTTP 503,1787875625.8876064
6cf5bcf5cd4d42e6,4,success,200,2.02,,1787875625.8905842
d4fc82e2fbc84c14,4,failed,,602.22,timeout,1787875625.9183147
77d60d7e0b3a4d13,4,failed,,602.94,timeout,1787875625.9337568
6c4e1fe97b1f42b9,4,failed,,602.0,timeout,1787875625.9358592
e516a1af1de843ae,4,failed,,602.56,timeout,1787875626.3173642
afc54c83532e40a9,4,failed,,602.83,timeout,1787875626.375121
554d8ea33c534721,4,success,200,2.02,,1787875626.3785253
c845ae083115421b,4,failed,503,1.62,HTTP 503,1787875626.3808396
6ea46baaaceb416b,4,failed,,602.0,timeout,1787875626.493389
fa8c1fbb951f404c,4,failed,503,2.12,HTTP 503,1787875626.4964948
bc7cce4e2fe44740,4,failed,,602.62,timeout,1787875626.5217419
6a364ca7d78b4bdd,4,failed,,601.62,timeout,1787875626.5362194
4c4065d6127746da,4,failed,,601.8,timeout,1787875626.5383646
b89943ee4af84b03,4,success,200,2.18,,1787875626.5391135
ded8f556fec34f11,4,failed,,602.9,timeout,1787875626.9213965
e6e9c690635344a8,4,failed,503,2.13,HTTP 503,1787875626.9244723
794076936cd3449a,4,failed,,601.59,timeout,1787875626.9830518
520e6ea14ded41e7,4,failed,,601.27,timeout,1787875627.0991893
2e181e2abf604547,4,failed,,601.75,timeout,1787875627.1243818
67fd38eac58b43ad,4,failed,,602.04,timeout,1787875627.1415286
58a28cc828ac4bb5,4,failed,,603.02,timeout,1787875627.1445045
0df2c6d76b9f415c,4,failed,503,2.87,HTTP 503,1787875627.1452608
6addbc19b2064f1f,4,success,200,2.88,,1787875627.1486945
a6bf38c5a1204d7c,4,failed,,601.65,timeout,1787875627.5271764
aadc18671eb74c45,4,failed,503,2.11,HTTP 503,1787875627.5305505
7cbb1166de1b49dc,4,success,200,1.78,,1787875627.5330436
41551d12819e41f9,4,failed,,601.78,timeout,1787875627.5857558
d05c7eee140449d4,4,failed,503,1.98,HTTP 503,1787875627.588954
4f7048b23688482e,5,failed,503,1.7,HTTP 503,1787875627.5920765
aed5bf0d0fb34beb,4,failed,503,1.55,HTTP 503,1787875627.5943155
2dc65904fe754b76,5,failed,503,1.75,HTTP 503,1787875627.5967386
8ca9c6d54b6c4801,4,success,200,2.4,,1787875627.59988
245c4fdeb10745d7,5,success,200,1.66,,1787875627.6022239
b83255f7e8f64b05,4,failed,,602.01,timeout,1787875627.702419
a212f03389bd4200,4,failed,503,2.66,HTTP 503,1787875627.706212
ee377fb82816426e,4,failed,,601.7,timeout,1787875627.7271438
47e579c350d9462d,5,failed,503,1.71,HTTP 503,1787875627.7302997
a4816cb0b4624b4d,5,failed,503,1.51,HTTP 503,1787875627.7323546
e97e6b2c74d24fb5,5,failed,503,1.96,HTTP 503,1787875627.7350326
d657592b6c9843b4,5,failed,503,1.92,HTTP 503,1787875627.7378314
c2a75edff894494e,5,failed,503,2.15,HTTP 503,1787875627.740634
686173c8d90e4384,5,failed,503,2.6,HTTP 503,1787875627.7451193
7e1c1076fc3449c8,5,success,200,2.26,,1787875627.7481015
27cc079452a24d44,4,failed,,602.34,timeout,1787875627.7501822
e067fd82da994173,4,failed,,601.51,timeout,1787875627.751072
96f9315113b443e3,5,success,200,2.79,,1787875627.9049134
e89e4fb89dc54467,5,failed,503,1.67,HTTP 503,1787875627.907213
364d4469af7146df,5,success,200,1.67,,1787875627.9095829
3fe6edf9ecd94724,4,failed,,601.38,timeout,1787875628.135156
1f781db5b1874e97,5,failed,503,2.12,HTTP 503,1787875628.1383586
9632389b67c5407c,5,failed,,601.83,timeout,1787875628.2048502
ff437f51515c40b3,4,failed,,602.14,timeout,1787875628.3093793
033841e7de9b4f99,5,failed,,601.74,timeout,1787875628.35045
eabd1d88ac244685,5,failed,503,1.85,HTTP 503,1787875628.3533156
8a2b95fbdaec48e1,4,failed,,601.7,timeout,1787875628.3534079
f4a1da82b0ad45b1,4,success,200,2.34,,1787875628.3564966
17ef3c06c3ff40a1,5,failed,,601.76,timeout,1787875628.512217
77d60d7e0b3a4d13,5,success,200,3.11,,1787875628.5125113
117e4f8656c143f4,5,success,200,1.84,,1787875628.516722
723ae24ddc244089,5,failed,,601.44,timeout,1787875628.807101
ee8eada278c24719,5,failed,,602.01,timeout,1787875628.8919373
a5f619f3872a4f3e,5,failed,503,2.15,HTTP 503,1787875628.8951254
e516a1af1de843ae,5,failed,503,1.74,HTTP 503,1787875628.8978336
c845ae083115421b,5,failed,503,1.63,HTTP 503,1787875628.9000735
ff873c8772504ea7,4,failed,,601.72,timeout,1787875628.9119065
f7a2767115ea4b66,5,failed,,602.11,timeout,1787875628.958702
6ea46baaaceb416b,5,success,200,2.27,,1787875628.9623013
bc7cce4e2fe44740,5,success,200,2.26,,1787875629.0540922
a98d84058751472e,5,failed,,601.83,timeout,1787875629.1148376
6c4e1fe97b1f42b9,5,failed,,601.8,timeout,1787875629.1191273
d4fc82e2fbc84c14,5,success,200,1.93,,1787875629.1218457
6a364ca7d78b4bdd,5,failed,503,1.68,HTTP 503,1787875629.1246438
4c4065d6127746da,5,success,200,2.49,,1787875629.2668219
a0e5062720d14f42,5,failed,,601.86,timeout,1787875629.4100077
358647e363e644b5,5,failed,503,2.06,HTTP 503,1787875629.4132206
ded8f556fec34f11,5,failed,503,1.63,HTTP 503,1787875629.4184124
afc54c83532e40a9,5,failed,,601.55,timeout,1787875629.5145562
e6e9c690635344a8,5,failed,503,1.85,HTTP 503,1787875629.51784
fa8c1fbb951f404c,5,failed,,602.09,timeout,1787875629.6570475
58a28cc828ac4bb5,5,failed,503,2.8,HTTP 503,1787875629.6615376
0df2c6d76b9f415c,5,failed,503,1.8,HTTP 503,1787875629.6641848
2e181e2abf604547,5,failed,503,1.53,HTTP 503,1787875629.6664839
67fd38eac58b43ad,5,failed,503,1.65,HTTP 503,1787875629.7286284
d9e196f1cc414bf9,5,failed,,601.8,timeout,1787875630.0158713
794076936cd3449a,5,failed,,601.67,timeout,1787875630.0207303
a6bf38c5a1204d7c,5,failed,503,2.3,HTTP 503,1787875630.121135
aed5bf0d0fb34beb,5,success,200,1.75,,1787875630.1235535
41551d12819e41f9,5,failed,503,1.63,HTTP 503,1787875630.1258492
520e6ea14ded41e7,5,failed,,601.98,timeout,1787875630.1728308
e067fd82da994173,5,success,200,2.31,,1787875630.2734675
aadc18671eb74c45,5,failed,,601.83,timeout,1787875630.619117
b83255f7e8f64b05,5,failed,,602.05,timeout,1787875630.7290022
3fe6edf9ecd94724,5,failed,503,2.85,HTTP 503,1787875630.7334588
d05c7eee140449d4,5,failed,,602.67,timeout,1787875630.775137
ff437f51515c40b3,5,success,200,2.77,,1787875630.7794027
ee377fb82816426e,5,failed,,602.19,timeout,1787875630.876508
27cc079452a24d44,5,failed,,602.83,timeout,1787875630.9281178
8a2b95fbdaec48e1,5,failed,,603.65,timeout,1787875631.37499
a212f03389bd4200,5,failed,,602.86,timeout,1787875631.4822798
ff873c8772504ea7,5,failed,,602.26,timeout,1787875632.086183
4f7048b23688482e,6,success,200,2.68,,1787875632.5422695
d657592b6c9843b4,6,failed,503,2.05,HTTP 503,1787875632.6932993
e89e4fb89dc54467,6,success,200,2.53,,1787875632.885303
2dc65904fe754b76,6,failed,,602.13,timeout,1787875633.1453464
9632389b67c5407c,6,success,200,2.19,,1787875633.1489866
1f781db5b1874e97,6,failed,503,1.73,HTTP 503,1787875633.1515353
a4816cb0b4624b4d,6,failed,,602.09,timeout,1787875633.296193
686173c8d90e4384,6,success,200,2.31,,1787875633.29951
47e579c350d9462d,6,failed,,601.82,timeout,1787875633.3319023
e97e6b2c74d24fb5,6,failed,,602.3,timeout,1787875633.3362944
17ef3c06c3ff40a1,6,failed,503,2.73,HTTP 503,1787875633.4567623
eabd1d88ac244685,6,failed,,601.72,timeout,1787875633.9022303
033841e7de9b4f99,6,failed,503,2.06,HTTP 503,1787875633.9053113
f7a2767115ea4b66,6,success,200,1.77,,1787875633.9081202
c2a75edff894494e,6,failed,,601.63,timeout,1787875633.9344037
723ae24ddc244089,6,failed,,602.6,timeout,1787875634.3611553
a0e5062720d14f42,6,failed,503,2.73,HTTP 503,1787875634.365608
afc54c83532e40a9,6,failed,503,1.83,HTTP 503,1787875634.3683
ded8f556fec34f11,6,success,200,1.62,,1787875634.370748
e516a1af1de843ae,6,failed,,602.16,timeout,1787875634.3879418
a5f619f3872a4f3e,6,failed,,601.93,timeout,1787875634.5107465
ee8eada278c24719,6,success,200,2.22,,1787875634.514082
a98d84058751472e,6,failed,,602.53,timeout,1787875634.688969
6a364ca7d78b4bdd,6,success,200,4.26,,1787875634.6942627
358647e363e644b5,6,failed,,601.98,timeout,1787875634.97394
794076936cd3449a,6,failed,503,2.07,HTTP 503,1787875634.9776132
41551d12819e41f9,6,success,200,1.75,,1787875634.9965513
c845ae083115421b,6,failed,,601.95,timeout,1787875635.11692
520e6ea14ded41e7,6,failed,503,2.04,HTTP 503,1787875635.1203916
e6e9c690635344a8,6,failed,,601.95,timeout,1787875635.141722
2e181e2abf604547,6,failed,,603.8,timeout,1787875635.2960086
6c4e1fe97b1f42b9,6,failed,,601.83,timeout,1787875635.2970977
58a28cc828ac4bb5,6,failed,503,3.31,HTTP 503,1787875635.300814
0df2c6d76b9f415c,6,failed,503,1.97,HTTP 503,1787875635.30356
67fd38eac58b43ad,6,success,200,1.72,,1787875635.3060398
d9e196f1cc414bf9,6,failed,,602.05,timeout,1787875635.580514
a6bf38c5a1204d7c,6,failed,,601.97,timeout,1787875635.7231963
d05c7eee140449d4,6,failed,503,2.11,HTTP 503,1787875635.727129
fa8c1fbb951f404c,6,failed,,601.66,timeout,1787875635.7441218
ee377fb82816426e,6,success,200,2.8,,1787875635.904923
aadc18671eb74c45,6,failed,,602.3,timeout,1787875636.1845386
b83255f7e8f64b05,6,failed,,602.03,timeout,1787875636.3306768
3fe6edf9ecd94724,6,failed,503,1.99,HTTP 503,1787875636.3336318
27cc079452a24d44,6,failed,,601.82,timeout,1787875636.3470848
8a2b95fbdaec48e1,6,failed,503,1.93,HTTP 503,1787875636.356255
a212f03389bd4200,6,success,200,2.44,,1787875636.4877687
ff873c8772504ea7,6,failed,503,2.44,HTTP 503,1787875636.961068
